Наименование товара;Ссылка на страницу с товаром;Цена товара
Ноутбук Asus VivoBook 15 X513EA (90NB0SG4-M00BR0);https://www.sulpak.kg/g/noutbuki_asus_vivobook_15_x513ea_90nb0sg4_m00br0;Цена:84 090 сом
Ноутбук Lenovo V14 IGL (82C2000YRU);https://www.sulpak.kg/g/noutbuk_lenovo_v14_igl_82c2000yru_62_2090;Цена:27 890 сом
Ноутбук Acer Predator Triton 300S PT314-51S-51NZ (NH.QBJER.004);https://www.sulpak.kg/g/noutbuk_acer_predator_triton_300s_pt314_51s_51nz_nh_qbjer_004_62_2229;Цена:124 990 сом
Ноутбук Asus TUF Gaming F15 FX506LH I5165SGN (90NR03U2-M03150);https://www.sulpak.kg/g/noutbuk_asus_tuf_gaming_f15_i5165sgn_90nr03u2_m03150_62_2154;Цена:102 490 сом
Ноутбук Haier U1520SM C41SUW;https://www.sulpak.kg/g/noutbuk_haier__u1520sm_c41suw;Цена:27 290 сом
Ноутбук Lenovo IdeaPad Gaming 3 15ACH6 (82K200H3RK);https://www.sulpak.kg/g/noutbuk_lenovo_ideapad_gaming_3_15ach6_82k200h3rk;Цена:97 790 сом
Ноутбук Acer Aspire 3 A315-34 C41TUN (NX.HE3ER.00B);https://www.sulpak.kg/g/noutbuki_acer_aspire_3_a315_34_c41tun_nxhe3er00b;Цена:35 190 сом
Ноутбук Acer Swift 3 SF314-511 I382SUW (NX.ACSER.001);https://www.sulpak.kg/g/noutbuk_acer_swift_3_sf314_511_i382suw_nx_acser_001_62_2278;Цена:77 190 сом
Ноутбук Acer Aspire 3 A315-35-P5TY (NX.A6LER.00V);https://www.sulpak.kg/g/noutbuki_acer_aspire_3_a315_35_p5ty_nxa6ler00v;Цена:40 990 сом
Ноутбук Lenovo IdeaPad Gaming 3 15IHU6 (82K100BYRK);https://www.sulpak.kg/g/noutbuk_lenovo_ideapad_gaming_3_15ihu6_82k100byrk_62_2190;Цена:99 990 сом
Ноутбук Acer Aspire 7 A715-75G-52C8 I585SGN (NH.Q99ER.002);https://www.sulpak.kg/g/noutbuk_acer_aspire_7_a715_75g_52c8_i585sgn_nh_q99er_002_62_2243;Цена:89 090 сом
Ноутбук Acer Nitro 5 AN517-52 (NH.QDVER.004);https://www.sulpak.kg/g/noutbuk_acer_nitro_5_an517_52_nh_qdver_004;Цена:127 090 сом
Ноутбук Acer Aspire 7 A715-75G-77DE (NH.Q87ER.003);https://www.sulpak.kg/g/noutbuk_acer_aspire_7_a715_75g_77de_nh_q87er_003_62_2230;Цена:89 990 сом
Ноутбук Lenovo V14 IGL (82C2001BRU);https://www.sulpak.kg/g/noutbuk_lenovo_ideapad_3_p42sun_82c2001bru_62_2209;Цена:37 890 сом
Ноутбук Acer Swift 3 SF313-53G (NX.A4HER.002);https://www.sulpak.kg/g/noutbuk_acer_swift_3_sf313_53g_nx_a4her_002;Цена:86 390 сом
Ноутбук Acer Nitro 5 AN515-55 (NH.QB0ER.005);https://www.sulpak.kg/g/noutbuk_acer_nitro_5_an515_55_nh_qb0er_005;Цена:115 990 сом
Ноутбук Asus VivoBook Pro 15 M3500Q (90NB0US2-M01250);https://www.sulpak.kg/g/noutbuk_asus_vivobook_pro_15_m3500q_90nb0us2_m01250;Цена:90 990 сом
Ноутбук Lenovo IdeaPad 3 15ALC6 (82KU00HQKG);https://www.sulpak.kg/g/noutbuk_lenovo_ideapad_3_15alc6_82ku00hqkg;Цена:72 790 сом
Ноутбук HUAWEI Matebook D15 I585SUW (WAH9Q);https://www.sulpak.kg/g/noutbuk_huawei_matebook_d15_i585suw_wah9q;Цена:67 290 сом
Ноутбук Acer Nitro 5 AN515-56 (NH.QANER.006);https://www.sulpak.kg/g/noutbuk_acer_nitro_5_an515_56_i585sgn_nh_qaner_006_62_2279;Цена:106 590 сом
Ноутбук Acer Aspire 3 A315-57G (NX.HZRER.006);https://www.sulpak.kg/g/noutbuki_acer_aspire_3_a315_57g_nxhzrer006;Цена:86 390 сом
Ноутбук Acer Nitro 5 AN515-55 (NH.QB0ER.008);https://www.sulpak.kg/g/noutbuk_acer_nitro_5_an515_55_nh_qb0er_008;Цена:111 090 сом
Ноутбук Acer Extensa 15 EX215-31-C4BN (NX.EFTER.00G);https://www.sulpak.kg/g/noutbuk_acer_extensa_15_ex215_31_c4bn_nx_efter_00g_62_2213;Цена:36 390 сом
Ультрабук HUAWEI MateBook D 15 I382SUW (BoB-WAI9);https://www.sulpak.kg/g/noutbuk_huawei_matebook_d_15_i382suw_bohrb_wai9a;Цена:54 590 сом
Ноутбук HP Pavilion 14-ec0002ur (491U8EA);https://www.sulpak.kg/g/noutbuk_hp_pavilion_14_ec0002ur_491u8ea;Цена:86 390 сом
Ноутбук Acer Swift 3 SF314-43 (NX.ACPER.007);https://www.sulpak.kg/g/noutbuk_acer_swift_3_sf314_43_nx_acper_007;Цена:77 290 сом
Ультрабук HUAWEI MateBook D 14 I382SUW (NobelB-WAI9B);https://www.sulpak.kg/g/noutbuk_huawei_matebook_d_14_i382suw_nobelb_wai9b;Цена:52 790 сом
Ноутбук HP Envy x360 15-eu0022ur (4E0V4EA);https://www.sulpak.kg/g/noutbuk_hp_envy_x360_15_eu0022ur_4e0v4ea;Цена:90 990 сом
Ноутбук Asus VivoBook 15 R582SUW (M513IA-BQ574T);https://www.sulpak.kg/g/noutbuk_asus_vivobook_15_r582suw_m513ia_bq574t;Цена:79 590 сом
Ноутбук Lenovo IdeaPad 5 Pro 14ITL6 (82L3008SRK);https://www.sulpak.kg/g/noutbuk_lenovo_ideapad_5_pro_14itl6_82l3008srk_62_2195;Цена:113 690 сом
Ноутбук Asus F571G (90NB0NL1-M000C0);https://www.sulpak.kg/g/noutbuk_asus_f571g_90nb0nl1_m000c0;Цена:83 890 сом
Ноутбук Asus VivoBook 15 X513EA (90NB0SG4-M00BR0);https://www.sulpak.kg/g/noutbuki_asus_vivobook_15_x513ea_90nb0sg4_m00br0;Цена:84 090 сом
Ноутбук Lenovo V14 IGL (82C2000YRU);https://www.sulpak.kg/g/noutbuk_lenovo_v14_igl_82c2000yru_62_2090;Цена:27 890 сом
Ноутбук Acer Predator Triton 300S PT314-51S-51NZ (NH.QBJER.004);https://www.sulpak.kg/g/noutbuk_acer_predator_triton_300s_pt314_51s_51nz_nh_qbjer_004_62_2229;Цена:124 990 сом
Ноутбук Asus TUF Gaming F15 FX506LH I5165SGN (90NR03U2-M03150);https://www.sulpak.kg/g/noutbuk_asus_tuf_gaming_f15_i5165sgn_90nr03u2_m03150_62_2154;Цена:102 490 сом
Ноутбук Haier U1520SM C41SUW;https://www.sulpak.kg/g/noutbuk_haier__u1520sm_c41suw;Цена:27 290 сом
Ноутбук Lenovo IdeaPad Gaming 3 15ACH6 (82K200H3RK);https://www.sulpak.kg/g/noutbuk_lenovo_ideapad_gaming_3_15ach6_82k200h3rk;Цена:97 790 сом
Ноутбук Acer Aspire 3 A315-34 C41TUN (NX.HE3ER.00B);https://www.sulpak.kg/g/noutbuki_acer_aspire_3_a315_34_c41tun_nxhe3er00b;Цена:35 190 сом
Ноутбук Acer Swift 3 SF314-511 I382SUW (NX.ACSER.001);https://www.sulpak.kg/g/noutbuk_acer_swift_3_sf314_511_i382suw_nx_acser_001_62_2278;Цена:77 190 сом
Ноутбук Acer Aspire 3 A315-35-P5TY (NX.A6LER.00V);https://www.sulpak.kg/g/noutbuki_acer_aspire_3_a315_35_p5ty_nxa6ler00v;Цена:40 990 сом
Ноутбук Lenovo IdeaPad Gaming 3 15IHU6 (82K100BYRK);https://www.sulpak.kg/g/noutbuk_lenovo_ideapad_gaming_3_15ihu6_82k100byrk_62_2190;Цена:99 990 сом
Ноутбук Acer Aspire 7 A715-75G-52C8 I585SGN (NH.Q99ER.002);https://www.sulpak.kg/g/noutbuk_acer_aspire_7_a715_75g_52c8_i585sgn_nh_q99er_002_62_2243;Цена:89 090 сом
Ноутбук Acer Nitro 5 AN517-52 (NH.QDVER.004);https://www.sulpak.kg/g/noutbuk_acer_nitro_5_an517_52_nh_qdver_004;Цена:127 090 сом
Ноутбук Acer Aspire 7 A715-75G-77DE (NH.Q87ER.003);https://www.sulpak.kg/g/noutbuk_acer_aspire_7_a715_75g_77de_nh_q87er_003_62_2230;Цена:89 990 сом
Ноутбук Lenovo V14 IGL (82C2001BRU);https://www.sulpak.kg/g/noutbuk_lenovo_ideapad_3_p42sun_82c2001bru_62_2209;Цена:37 890 сом
Ноутбук Acer Swift 3 SF313-53G (NX.A4HER.002);https://www.sulpak.kg/g/noutbuk_acer_swift_3_sf313_53g_nx_a4her_002;Цена:86 390 сом
Ноутбук Acer Nitro 5 AN515-55 (NH.QB0ER.005);https://www.sulpak.kg/g/noutbuk_acer_nitro_5_an515_55_nh_qb0er_005;Цена:115 990 сом
Ноутбук Asus VivoBook Pro 15 M3500Q (90NB0US2-M01250);https://www.sulpak.kg/g/noutbuk_asus_vivobook_pro_15_m3500q_90nb0us2_m01250;Цена:90 990 сом
Ноутбук Lenovo IdeaPad 3 15ALC6 (82KU00HQKG);https://www.sulpak.kg/g/noutbuk_lenovo_ideapad_3_15alc6_82ku00hqkg;Цена:72 790 сом
Ноутбук HUAWEI Matebook D15 I585SUW (WAH9Q);https://www.sulpak.kg/g/noutbuk_huawei_matebook_d15_i585suw_wah9q;Цена:67 290 сом
Ноутбук Acer Nitro 5 AN515-56 (NH.QANER.006);https://www.sulpak.kg/g/noutbuk_acer_nitro_5_an515_56_i585sgn_nh_qaner_006_62_2279;Цена:106 590 сом
Ноутбук Acer Aspire 3 A315-57G (NX.HZRER.006);https://www.sulpak.kg/g/noutbuki_acer_aspire_3_a315_57g_nxhzrer006;Цена:86 390 сом
Ноутбук Acer Nitro 5 AN515-55 (NH.QB0ER.008);https://www.sulpak.kg/g/noutbuk_acer_nitro_5_an515_55_nh_qb0er_008;Цена:111 090 сом
Ноутбук Acer Extensa 15 EX215-31-C4BN (NX.EFTER.00G);https://www.sulpak.kg/g/noutbuk_acer_extensa_15_ex215_31_c4bn_nx_efter_00g_62_2213;Цена:36 390 сом
Ультрабук HUAWEI MateBook D 15 I382SUW (BoB-WAI9);https://www.sulpak.kg/g/noutbuk_huawei_matebook_d_15_i382suw_bohrb_wai9a;Цена:54 590 сом
Ноутбук HP Pavilion 14-ec0002ur (491U8EA);https://www.sulpak.kg/g/noutbuk_hp_pavilion_14_ec0002ur_491u8ea;Цена:86 390 сом
Ноутбук Acer Swift 3 SF314-43 (NX.ACPER.007);https://www.sulpak.kg/g/noutbuk_acer_swift_3_sf314_43_nx_acper_007;Цена:77 290 сом
Ультрабук HUAWEI MateBook D 14 I382SUW (NobelB-WAI9B);https://www.sulpak.kg/g/noutbuk_huawei_matebook_d_14_i382suw_nobelb_wai9b;Цена:52 790 сом
Ноутбук HP Envy x360 15-eu0022ur (4E0V4EA);https://www.sulpak.kg/g/noutbuk_hp_envy_x360_15_eu0022ur_4e0v4ea;Цена:90 990 сом
Ноутбук Asus VivoBook 15 R582SUW (M513IA-BQ574T);https://www.sulpak.kg/g/noutbuk_asus_vivobook_15_r582suw_m513ia_bq574t;Цена:79 590 сом
Ноутбук Lenovo IdeaPad 5 Pro 14ITL6 (82L3008SRK);https://www.sulpak.kg/g/noutbuk_lenovo_ideapad_5_pro_14itl6_82l3008srk_62_2195;Цена:113 690 сом
Ноутбук Asus F571G (90NB0NL1-M000C0);https://www.sulpak.kg/g/noutbuk_asus_f571g_90nb0nl1_m000c0;Цена:83 890 сом
